area_sqft,bedrooms,bathrooms,dist_to_city_center_km,dist_to_transit_m,school_rating,property_age_years,amenities_score,days_on_market,selling_price
2424,4,2.5,21.8,928,8.3,10,71,53,598800
822,1,1.5,5.8,76,6.0,11,56,11,247500
4249,5,3.5,3.7,391,9.6,3,97,61,1439400
571,1,1.5,6.2,233,4.9,10,38,19,206000
632,2,1.5,3.4,145,4.4,14,39,35,203700
3933,6,3.5,8.6,642,8.9,11,90,68,1537800
3959,5,4.0,7.9,281,10.0,4,97,75,1354700
715,1,1.5,4.9,113,6.4,15,44,29,238800
690,2,1.5,2.3,167,6.7,14,31,7,275400
4490,5,4.0,6.0,607,9.2,4,96,47,1446600
710,2,1.5,1.8,118,5.3,7,45,25,241400
2180,3,2.0,25.1,776,8.7,16,72,47,610400
4781,5,4.0,4.0,475,8.4,5,83,47,1386800
561,2,1.5,3.2,154,5.0,10,40,23,239700
4285,5,4.0,10.5,521,9.0,7,85,78,1744800
4444,4,3.5,5.5,228,9.2,9,87,37,1476800
4262,4,3.5,8.4,649,8.8,8,88,59,891700
584,1,1.0,2.8,183,5.5,10,50,29,203400
2138,3,2.5,21.7,953,8.7,16,63,41,650800
5337,5,4.0,10.0,256,9.0,3,93,49,1552200
4271,4,5.0,2.3,487,9.3,4,91,71,1028700
4333,4,4.0,7.6,319,9.7,5,87,85,1525200
2292,3,2.5,20.4,1006,8.8,18,57,44,590500
1749,4,2.5,20.4,722,8.7,21,74,44,599900
660,1,1.0,2.7,110,5.6,17,37,19,218800
3799,6,5.0,8.4,326,9.5,8,84,58,1354400
4123,5,5.0,7.4,450,9.1,8,97,71,1446700
2485,4,2.5,15.7,589,7.2,12,69,21,496800
604,2,1.0,2.4,171,7.1,14,59,33,266800
1824,4,2.0,16.0,809,8.1,16,75,48,656800
5296,4,3.5,4.9,478,9.2,7,86,68,1515500
2221,3,2.5,19.5,882,9.7,12,65,40,610200
5154,5,5.0,6.5,396,9.3,7,89,62,1387100
1840,3,2.5,16.9,876,8.5,12,66,39,452300
721,2,1.5,2.1,218,6.1,5,43,23,239300
2179,4,3.0,15.8,451,9.0,19,63,29,605500
3634,5,3.5,5.4,486,8.7,8,89,65,1484300
690,1,1.5,2.4,47,6.3,14,37,14,199300
2529,4,2.5,13.2,733,8.5,11,67,32,575500
518,2,1.0,5.3,153,4.8,14,47,22,224200
4401,5,5.0,7.9,388,8.9,6,95,59,1263000
614,1,1.0,4.2,238,4.3,3,42,32,283200
4452,6,4.0,5.6,325,9.2,4,92,22,1527500
2457,4,3.0,19.6,1072,8.4,15,70,34,587900
534,2,1.5,3.5,256,5.1,7,56,27,218800
617,2,1.5,2.9,141,5.9,11,53,6,262700
705,1,1.0,4.8,158,5.0,11,40,23,267100
599,2,1.5,3.4,255,6.0,11,53,9,250200
4198,5,3.5,7.4,497,9.0,5,95,62,1324900
657,2,1.0,3.4,140,5.8,13,48,18,265900
646,2,1.0,4.6,242,5.5,15,46,15,266600
2321,4,2.5,15.2,754,7.9,16,70,34,548400
658,2,1.0,3.0,141,4.8,11,58,20,205700
4867,4,4.0,3.8,562,9.1,2,89,73,1369500
2553,3,2.5,18.6,611,9.1,15,62,33,522100
752,2,1.0,3.7,125,5.2,7,32,31,229900
707,1,1.0,3.8,189,6.0,14,58,34,248600
550,2,1.5,3.9,185,6.2,11,47,28,280100
2249,4,2.5,16.5,1010,8.0,14,60,46,631700
660,2,1.0,2.8,124,5.7,7,37,19,286500
4836,5,4.0,11.6,362,9.2,6,94,39,1224800
2477,4,2.5,14.9,903,8.3,13,76,42,573300
2624,3,2.5,17.4,1074,8.5,10,72,41,576300
4566,5,4.0,6.1,223,10.0,12,93,45,1359600
431,2,1.5,2.5,268,7.5,8,43,24,276300
672,2,1.0,4.4,184,5.1,0,33,20,177200
4420,5,5.0,6.0,423,9.5,6,95,58,1553300
599,2,1.0,5.5,168,6.3,10,58,22,276300
2084,3,2.0,20.6,809,8.6,16,65,50,605600
4429,5,5.0,10.0,412,9.1,7,95,70,1246000
2675,4,3.0,19.8,1026,8.3,13,75,26,620700
2535,4,2.0,20.3,937,8.5,17,73,42,509600
2471,3,2.5,19.4,984,8.0,18,66,38,693800
2438,3,2.0,14.2,905,7.9,16,63,30,537000
1989,4,2.0,14.5,1024,9.2,14,74,30,542400
2036,4,2.5,15.9,855,9.0,14,54,32,524500
2283,3,3.0,12.9,838,8.8,10,66,44,572300
579,1,1.0,3.3,255,4.7,13,44,28,248900
4506,6,3.5,8.0,404,8.3,4,97,50,1512200
4106,5,3.5,10.7,459,9.2,8,92,61,1415700
682,2,1.0,4.3,131,5.6,13,49,27,210600
813,2,1.0,3.8,216,5.0,12,46,22,234200
3972,6,3.5,11.6,357,9.6,4,85,54,1507000
2228,4,2.5,16.7,784,6.9,17,75,27,584700
2338,3,2.5,28.9,701,9.1,20,71,48,497700
661,2,1.0,3.6,216,5.1,12,47,19,194900
2217,4,2.5,23.5,737,8.0,17,77,28,537500
4451,5,4.0,9.9,437,10.0,5,90,82,1420200
2610,3,2.0,19.5,800,9.1,6,75,53,628900
2066,3,3.0,22.3,937,8.9,10,67,30,589400
4323,5,4.0,8.8,381,7.9,6,96,53,1374800
4303,5,4.0,8.8,415,9.9,4,88,53,1160400
2079,4,2.5,16.3,602,8.6,16,63,35,621200
2044,4,2.0,19.9,607,8.3,14,71,54,610000
4631,6,3.5,8.5,374,9.0,9,93,79,1393900
2012,4,2.0,17.7,683,9.5,14,68,24,691500
751,2,1.0,2.8,119,6.6,17,32,29,216000
740,1,1.5,4.2,161,5.8,7,32,27,201200
3410,6,3.5,6.0,265,8.7,8,96,70,1404200
588,1,1.0,3.4,124,6.0,16,36,27,204500
2031,3,2.0,21.1,819,8.7,15,61,55,574100
4172,4,4.0,4.2,486,8.4,9,85,75,1589500
495,1,1.0,2.4,216,5.9,12,39,20,241800
2211,3,2.5,20.1,1381,8.6,14,59,43,599400
1848,4,2.5,20.9,865,8.9,15,67,38,532300
558,2,1.5,2.6,309,5.1,6,53,23,224900
2450,4,2.5,19.6,1005,8.7,14,70,52,549100
2580,3,2.5,16.4,685,8.5,14,58,52,530100
2027,3,2.5,19.5,909,7.2,25,70,42,608500
533,1,1.0,3.8,190,5.8,10,42,30,236000
615,2,1.5,3.0,204,5.5,8,35,28,250800
4787,5,5.0,8.7,504,8.8,9,92,87,1322500
2390,4,2.0,14.1,697,8.6,22,80,59,447000
662,2,1.5,4.1,247,4.5,13,49,17,230400
4652,5,5.0,12.5,434,9.3,8,96,62,1261100
2660,3,2.5,22.2,1010,7.7,14,70,55,499800
2685,4,2.0,20.8,666,8.8,11,63,20,660800
2497,4,2.5,15.7,1061,9.0,20,65,45,575400
521,2,1.0,2.5,235,7.0,7,44,23,221600
637,2,1.0,3.2,163,5.4,13,37,22,213400
2410,4,2.0,14.7,1151,8.1,16,72,29,606200
2668,4,2.0,14.1,665,7.9,19,62,33,510800
2231,4,2.5,25.0,655,8.6,8,63,48,549900
676,1,1.0,3.0,112,4.7,10,46,27,271200
2092,4,2.0,18.9,899,8.9,20,75,54,571200
2119,3,2.5,20.1,1127,7.8,13,77,27,555800
3976,5,3.5,8.1,472,8.9,1,93,58,1168800
2281,4,3.0,17.1,684,8.4,10,69,46,584700
541,2,1.0,3.9,189,6.6,9,39,28,244000
2191,4,2.5,19.7,804,7.7,20,60,29,475100
854,2,1.0,2.1,235,5.5,4,51,25,216900
921,2,1.5,2.1,175,5.1,12,47,18,207600
4367,5,3.5,8.4,442,8.4,4,96,67,1314400
2091,3,2.5,19.3,1118,9.0,13,62,39,703200
675,2,1.5,1.3,263,6.0,16,47,31,205200
616,1,1.0,1.8,183,6.7,9,65,20,216400
2206,3,2.5,12.4,785,9.4,15,77,25,563200
590,2,1.0,2.3,274,5.7,11,58,21,226000
685,2,1.5,4.3,186,6.4,14,36,21,247700
2412,3,2.0,21.2,726,9.0,13,76,21,555200
642,1,1.0,5.3,144,5.5,13,39,28,227500
2242,3,3.0,25.1,581,8.5,14,69,59,575600
4441,4,3.5,4.7,266,9.5,6,94,74,1461500
607,1,1.5,2.7,126,6.7,12,46,14,279800
2322,3,3.0,14.7,999,9.1,24,69,27,503400
2066,4,2.5,17.6,685,8.0,13,58,43,551300
493,2,1.0,4.6,204,5.7,15,48,28,211700
2140,3,3.0,23.2,616,8.1,16,71,31,620900
1956,4,2.5,18.4,897,8.0,11,54,45,511500
4315,5,3.5,9.2,540,9.4,6,90,65,1302700
624,2,1.5,4.4,248,6.3,10,49,28,308100
646,2,1.0,0.5,178,6.0,8,44,20,252100
571,1,1.0,5.1,105,5.7,10,34,25,235500
539,2,1.0,1.9,302,5.9,10,58,22,212600
4416,5,3.5,8.3,521,10.0,7,94,78,1422200
1804,3,2.5,19.5,623,8.8,14,53,36,667100
818,1,1.0,1.1,134,5.1,13,47,21,281100
1950,3,2.0,20.5,752,8.1,18,65,40,591700
4122,5,4.0,5.7,367,8.8,4,90,71,1322700
597,2,1.0,5.5,190,5.2,8,50,20,232700
439,1,1.0,4.7,76,5.5,16,38,22,274800
2743,3,2.0,16.7,790,9.7,13,80,40,582700
4219,5,5.0,9.7,336,9.8,10,98,62,1465500
618,1,1.0,2.3,174,6.0,17,35,22,242600
4458,4,3.5,10.6,365,8.7,3,100,65,1482900
4464,6,4.0,8.0,479,8.6,12,100,80,1447200
523,1,1.5,2.9,260,4.6,10,43,25,206500
734,2,1.5,3.6,274,4.2,6,48,14,177200
4467,4,3.5,6.9,460,9.0,1,96,69,1405400
678,1,1.0,2.5,116,5.1,13,40,30,257400
434,2,1.5,3.2,97,5.3,2,45,14,258000
702,2,1.5,3.8,312,4.3,10,34,24,201400
4669,5,3.5,9.4,475,8.7,7,87,81,1403100
776,1,1.5,4.2,186,6.0,10,45,14,232000
629,2,1.5,4.1,153,5.1,12,50,34,157300
2033,3,2.5,20.0,924,9.1,19,60,41,521200
4355,5,5.0,8.1,374,9.4,0,87,73,1249400
2413,3,2.0,14.4,1126,8.3,20,66,22,697200
679,1,1.0,3.9,149,5.7,9,29,20,243100
2020,3,2.5,13.2,920,8.4,24,65,39,730700
3728,5,3.5,6.5,369,9.7,4,93,67,1531600
2313,3,2.0,18.0,897,9.6,18,69,43,536300
4858,5,4.0,9.0,447,9.7,3,93,54,1169000
2354,4,2.5,18.7,935,8.8,17,65,51,509700
4244,4,3.5,10.3,587,9.4,3,85,72,1181600
794,1,1.5,3.1,231,7.2,13,33,25,232600
2424,3,3.0,16.6,1226,8.4,8,62,37,577900
760,1,1.0,4.1,185,5.7,12,43,13,226300
1948,3,2.5,18.7,835,9.0,16,61,24,698400
623,1,1.0,3.2,178,4.7,12,64,19,239000
4232,4,4.0,6.7,666,9.9,2,94,62,1592400
3715,6,3.5,7.0,526,9.2,9,97,54,1271600
4332,5,5.0,11.5,353,9.0,10,87,61,1234100
2328,4,2.0,21.1,746,7.8,12,64,30,645300
642,1,1.5,3.0,268,5.7,4,47,31,205900
1950,3,2.5,11.1,846,8.6,24,71,28,611300
736,1,1.0,3.2,181,6.8,18,48,17,257100
573,2,1.0,1.5,162,5.7,9,46,21,229200
575,2,1.0,3.9,134,6.4,10,49,24,224500
1977,4,2.5,20.2,512,9.4,20,65,35,485900
4548,6,5.0,4.7,357,9.9,4,87,86,1359000
593,1,1.0,3.4,124,5.1,8,34,25,176900
1864,3,2.5,21.5,790,8.2,14,68,38,646100
695,2,1.0,3.9,175,3.7,9,42,14,227700
560,1,1.0,2.9,186,7.0,0,50,29,183100
2446,4,2.0,22.8,841,9.2,11,70,35,641600
2504,3,2.0,21.1,648,8.4,25,59,53,699500
362,2,1.0,1.8,163,4.6,18,52,25,223200
4468,6,3.5,15.4,637,8.9,3,84,67,1507500
2267,3,2.0,19.7,811,8.5,19,67,29,632800
2328,3,3.0,13.8,891,9.5,15,68,26,716300
733,2,1.5,3.3,188,5.2,15,44,16,245500
2603,3,2.0,15.1,624,8.7,19,62,27,610700
2325,3,2.5,14.6,712,8.9,18,60,46,576100
2477,3,3.0,20.4,561,8.7,15,67,46,597600
2023,3,2.5,18.0,626,9.4,8,71,43,577100
3750,4,5.0,5.1,109,8.3,5,97,48,1288100
1969,3,2.5,18.0,643,9.3,13,65,42,702800
2185,3,2.5,18.2,1015,8.7,15,61,37,531300
1974,3,2.5,25.3,920,8.8,18,65,31,502400
4403,5,3.5,2.0,392,9.4,4,91,65,1297300
2385,4,2.5,8.9,940,8.6,22,60,49,581100
673,2,1.0,3.4,129,5.2,8,44,22,236700
1934,4,2.5,17.3,677,8.7,20,70,47,709900
515,2,1.0,2.3,229,6.1,8,39,24,219000
2603,3,2.0,20.4,1034,8.7,15,67,44,513300
2418,3,2.0,11.5,1052,8.2,21,64,45,606700
4321,6,5.0,1.5,433,8.7,7,98,32,1351400
2400,4,2.5,19.2,1043,8.1,13,59,36,574500
757,1,1.5,2.2,179,5.1,13,50,20,258700
647,1,1.0,2.8,265,6.5,16,62,17,221900
706,2,1.0,2.3,161,5.9,10,49,16,214000
3682,4,4.0,8.4,519,9.3,8,98,53,1561100
824,2,1.0,5.3,201,6.0,17,46,17,247000
1805,3,2.0,10.5,1287,7.0,18,71,29,662600
2253,4,2.0,17.0,935,9.2,20,67,46,669800
2123,4,2.0,19.6,916,7.9,15,71,24,522100
519,2,1.0,2.9,205,5.1,10,44,21,233700
678,1,1.0,1.7,149,5.1,9,39,21,230600
2470,4,2.5,18.9,607,8.6,12,64,42,478800
4013,4,5.0,9.3,419,9.0,7,82,61,1576900
2039,4,3.0,17.2,649,9.0,13,55,37,604000
4635,5,3.5,8.9,221,8.3,9,95,80,1475700
599,1,1.0,1.5,91,5.4,10,47,15,268700
4731,5,3.5,7.3,441,8.4,0,91,72,1514900
562,2,1.0,1.5,232,4.9,8,39,19,223900
689,2,1.5,2.5,244,5.1,12,37,23,196400
504,1,1.0,4.2,221,5.7,8,36,16,187400
2219,4,2.0,20.3,992,8.9,15,67,28,569000
859,2,1.0,2.9,145,5.1,6,46,18,325800
3928,5,4.0,7.7,556,9.5,10,90,73,1334900
1968,4,2.5,12.0,741,8.9,5,76,30,561900
4372,5,4.0,8.9,426,9.9,4,81,77,1293500
2153,3,2.0,17.4,912,8.5,10,73,28,592800
2260,3,2.0,15.6,1159,8.3,5,69,38,423800
3929,5,4.0,12.1,361,9.3,6,85,54,1241100
514,1,1.5,4.5,206,5.4,12,55,16,159100
3926,4,3.5,11.0,356,9.5,5,93,61,1510800
505,1,1.0,0.8,144,5.7,12,35,10,199700
4015,4,4.0,5.4,366,8.9,7,98,75,1392000
1796,3,2.5,16.3,1275,8.8,18,80,30,575100
496,1,1.5,3.3,94,5.9,0,34,25,192400
1662,4,3.0,20.4,1187,8.2,18,48,42,600800
683,2,1.0,2.6,210,5.0,8,45,31,211900
670,2,1.0,5.5,116,5.7,9,52,28,142400
2250,3,2.0,17.4,842,9.3,9,76,44,605100
3925,4,4.0,8.8,406,9.4,1,96,58,1433700
679,2,1.0,1.3,165,5.2,16,45,21,244100
4572,6,3.5,8.0,542,9.1,2,81,86,1438900
804,2,1.0,3.6,195,6.2,13,41,16,253800
1988,4,2.0,13.6,543,8.9,18,64,39,590700
2345,4,2.5,13.0,809,7.7,12,67,27,531000
2232,4,2.5,15.6,952,8.7,7,51,34,608000
1742,4,2.0,23.0,504,8.9,18,69,35,484100
2444,3,2.0,22.2,1209,8.3,13,54,19,558300
2205,4,2.0,20.0,797,8.2,23,71,26,675700
4166,5,5.0,9.2,710,9.2,12,89,47,1504400
3820,4,4.0,8.4,546,9.2,8,81,59,1440200
2195,4,2.5,16.2,973,8.8,19,70,40,552700
891,2,1.0,3.8,217,6.4,3,66,26,189300
1524,3,2.5,20.7,780,8.8,13,68,35,671800
2108,3,3.0,19.2,999,7.2,12,57,45,587600
5222,5,4.0,6.6,505,8.8,7,95,73,1506600
2074,4,2.5,13.5,801,7.8,11,81,50,574100
595,1,1.5,3.0,197,5.6,15,41,31,264900
4652,6,3.5,6.8,328,9.0,5,82,52,1492400
1933,4,3.0,18.1,601,8.2,13,79,44,516400
3606,5,3.5,6.8,403,8.8,0,93,68,1654800
4405,6,3.5,8.3,453,9.5,6,94,64,1637100
2628,3,2.5,14.2,980,7.3,11,81,50,502900
1822,3,2.5,15.7,860,9.0,14,66,54,570400
2218,4,2.0,20.3,609,8.6,17,70,39,649200
5256,5,5.0,6.1,553,9.2,8,99,82,1363000
2280,4,2.0,18.0,1016,9.7,16,67,48,545100
657,2,1.5,4.5,191,7.5,7,35,25,229400
2520,3,2.5,22.0,1050,8.7,13,61,32,498700
2543,4,2.0,21.4,726,8.4,5,73,16,567200
3856,5,5.0,10.6,473,9.7,4,86,76,1782100
4693,6,3.5,6.3,434,9.3,7,97,64,1244000
3734,5,5.0,2.3,405,8.4,8,94,21,1439900
3949,5,5.0,9.9,625,10.0,3,88,46,1625100
2194,3,2.0,17.8,911,8.5,18,48,33,592500
2529,4,2.5,19.8,996,9.4,36,77,28,696100
756,2,1.5,4.1,308,4.3,18,36,23,256500
564,1,1.5,4.9,231,5.7,14,40,18,242900
2307,3,2.0,16.7,678,8.7,13,77,43,651400
2368,3,2.0,24.9,617,8.0,23,64,23,588500
2301,3,2.5,16.5,949,8.1,18,57,23,630400
683,1,1.5,5.2,200,6.3,11,48,23,256500
737,1,1.0,3.9,162,6.0,12,53,29,183100
2001,3,3.0,16.8,685,8.0,21,78,43,505700
2102,3,2.5,16.9,996,9.0,21,76,46,566700
3987,5,3.5,10.8,512,9.1,3,94,48,1272600
4899,5,5.0,7.2,280,9.4,5,87,74,1307800
588,2,1.0,3.0,171,6.0,6,58,17,228900
2124,3,2.0,17.7,812,8.9,22,73,44,566900
4816,6,4.0,7.3,400,9.4,1,95,54,1368300
669,2,1.0,3.6,210,6.9,14,55,24,241000
3472,4,4.0,5.7,286,9.1,6,96,79,1512600
2249,3,2.5,21.1,612,9.4,22,55,38,548000
702,2,1.0,6.0,131,5.2,12,43,25,264500
4147,5,4.0,7.3,553,10.0,6,90,57,1273500
487,1,1.5,1.7,167,6.7,6,40,22,213100
3935,5,4.0,6.0,598,8.5,7,92,63,1656700
799,2,1.0,2.5,153,4.9,7,44,29,174000
2113,4,2.5,19.1,857,7.8,12,68,35,587900
595,1,1.0,2.4,204,6.5,19,48,16,225600
2347,4,3.0,23.0,953,9.3,22,69,30,595200
2116,4,2.0,21.5,822,8.5,15,55,29,575400
4783,6,3.5,7.1,534,9.2,3,90,58,1666500
722,2,1.0,2.5,189,5.8,2,38,32,278700
677,1,1.0,4.0,213,5.6,9,54,24,225800
516,1,1.0,3.8,159,5.1,7,46,25,218000
584,2,1.0,3.4,131,5.5,7,55,22,226400
2093,3,2.5,13.6,1068,8.0,16,61,29,544400
473,2,1.5,3.5,88,5.3,9,48,25,197800
5164,4,5.0,11.7,312,9.1,2,98,74,1635400
1731,3,2.5,14.2,926,9.1,15,55,38,568100
2337,4,2.5,19.7,1091,8.4,7,59,32,428100
489,1,1.5,4.2,211,6.9,13,49,12,216300
608,2,1.5,4.8,215,6.4,10,42,26,247800
2271,4,2.5,15.7,574,8.7,16,55,41,473400
4236,4,3.5,12.3,395,9.4,7,95,34,1564700
3315,4,3.5,2.9,332,9.4,2,88,69,1309500
2088,4,2.0,19.7,576,7.9,20,64,34,472400
669,2,1.5,2.8,115,4.8,13,38,21,267900
4380,6,4.0,7.5,578,9.6,7,94,63,1129500
3944,5,3.5,6.7,475,9.4,9,88,59,1379400
2285,4,2.0,12.4,518,9.2,19,79,34,485400
2144,3,2.0,11.8,713,9.0,12,80,30,555300
2359,4,2.5,16.6,771,7.9,27,61,40,502700
3862,4,5.0,7.3,534,9.2,4,98,74,1481600
624,2,1.5,3.2,223,6.0,13,52,26,237200
2302,3,2.5,18.4,1165,9.6,17,72,38,588700
4194,5,4.0,13.0,651,9.6,12,98,85,1232600
494,2,1.0,3.8,226,6.0,11,34,18,253000
2604,4,2.0,13.6,997,8.9,15,67,49,539500
4478,6,3.5,9.4,488,8.0,3,93,73,1457100
2170,4,3.0,18.1,669,8.6,7,59,21,669300
2487,3,2.5,15.8,897,8.8,14,80,23,570100
651,2,1.0,1.5,196,5.7,5,39,18,200000
2174,4,2.5,20.4,808,8.7,11,73,49,638700
2048,3,2.5,19.7,862,8.2,18,67,42,555700
630,1,1.0,4.6,173,5.3,12,52,23,274300
766,2,1.5,3.2,166,4.3,5,53,10,290200
649,2,1.0,5.9,95,6.3,11,43,22,251700
2177,3,2.5,23.3,700,9.4,20,63,41,504700
1870,3,2.5,24.3,949,9.4,18,66,42,527400
2497,3,3.0,10.3,856,9.2,14,56,31,646400
4568,5,4.0,8.8,526,9.1,9,94,59,1209800
691,1,1.5,2.5,154,6.3,16,53,17,249400
3693,4,4.0,4.6,565,9.0,6,94,54,1552800
2450,4,2.0,16.4,1033,8.9,25,64,45,547000
2167,3,2.5,23.7,759,7.8,17,73,36,621700
1937,3,3.0,15.6,709,8.7,6,69,46,583100
777,1,1.0,3.6,151,5.1,14,54,26,221200
4113,5,3.5,7.9,422,9.2,5,99,74,1393800
739,2,1.5,1.1,193,4.4,4,45,22,235300
528,2,1.0,3.5,151,4.4,16,51,23,195700
820,2,1.5,3.1,95,6.5,5,37,35,231900
661,2,1.5,2.9,181,5.4,5,58,13,181500
4138,5,4.0,10.9,588,8.3,1,87,40,1196800
598,2,1.0,5.5,141,4.9,4,64,11,252600
2014,4,3.0,16.9,937,8.0,13,60,27,653200
4396,5,4.0,2.8,379,9.4,5,89,22,1226200
739,1,1.0,3.6,178,4.7,10,46,25,208500
2247,3,2.5,16.4,751,8.7,2,67,24,519400
460,2,1.5,1.0,194,5.8,5,50,22,223700
855,1,1.0,3.7,133,6.5,13,46,21,215500
731,2,1.0,2.9,116,6.5,4,58,18,184200
4838,6,5.0,5.3,474,9.4,3,94,50,1324600
4500,4,4.0,8.4,612,8.9,7,89,50,1362300
3887,5,3.5,4.0,423,9.1,6,88,67,1248000
2524,3,2.5,24.3,720,7.4,17,55,40,609500
2402,3,2.5,14.3,627,7.9,19,64,49,641400
4838,4,5.0,6.6,307,7.7,11,84,56,1515700
4612,5,5.0,7.7,331,8.0,4,98,59,1413000
1836,3,3.0,20.7,1387,8.2,20,64,30,430400
1905,4,2.0,16.7,1039,8.9,15,76,29,543600
2126,3,2.5,19.6,683,8.2,13,72,44,531800
2529,4,2.0,19.5,684,8.1,19,70,44,610300
2490,4,2.5,19.6,975,8.3,15,66,43,663200
4218,4,4.0,12.2,620,9.6,6,93,34,1479300
2245,3,2.5,20.6,783,9.1,15,71,40,633300
3786,4,5.0,2.6,565,9.3,4,89,59,1503300
4763,5,5.0,3.3,377,9.7,6,86,73,1402400
2369,4,2.5,17.1,842,7.6,23,77,36,619900
2469,4,3.0,21.1,775,9.7,20,68,51,705800
2248,3,2.5,18.0,721,9.1,17,63,48,546400
2847,4,3.0,23.4,713,8.1,14,61,50,546200
737,2,1.0,2.5,215,5.4,11,55,26,222400
617,2,1.5,0.7,263,5.1,12,28,25,306700
2194,4,2.5,17.3,882,8.9,29,62,42,614200
3718,6,3.5,6.7,565,9.6,1,86,58,1506500
2716,4,2.0,15.1,1051,10.0,14,74,29,479000
2438,4,2.0,15.2,1110,8.4,17,71,41,547900
2675,4,2.5,12.5,974,8.1,10,70,48,675300
694,1,1.5,2.0,110,4.9,10,52,18,205200
717,2,1.5,2.4,236,6.6,2,63,29,213500
4387,6,5.0,2.7,544,8.8,9,80,54,1231200
635,1,1.5,1.4,199,6.9,8,60,20,230600
3873,4,5.0,9.8,464,8.9,4,86,64,892700
4629,4,3.5,8.9,421,9.3,0,95,69,1210700
456,2,1.0,3.9,177,6.2,14,63,21,266300
4300,4,4.0,3.5,473,8.9,7,95,54,1492500
626,2,1.0,3.6,227,5.0,9,49,13,215300
2112,3,2.5,20.1,1036,8.5,17,85,54,588300
740,2,1.0,2.7,172,5.6,13,44,30,281800
2170,4,2.5,13.3,808,7.7,12,66,31,531700
4350,5,4.0,11.3,484,9.3,6,90,48,1494800
2133,4,3.0,21.7,565,9.6,22,74,33,548100
757,2,1.5,4.4,202,6.0,6,56,17,143800
2012,3,2.0,23.9,794,9.4,16,65,40,677700
3361,6,3.5,11.1,613,9.0,6,97,52,1605000
576,2,1.5,3.3,272,5.1,11,25,31,253400
2368,4,2.5,21.0,646,8.2,21,65,46,516900
1657,4,2.0,17.3,709,8.5,13,71,40,556700
2135,3,2.0,22.6,943,8.0,25,65,29,643800
440,1,1.0,3.5,177,4.4,11,54,37,193300
1800,3,2.5,12.7,911,9.3,17,72,48,558600
592,1,1.0,4.1,168,4.8,10,45,22,245400
4890,6,4.0,9.0,279,9.8,1,92,89,1139000
2135,4,2.0,16.5,893,9.0,15,69,32,557400
740,2,1.5,4.7,237,5.9,14,55,24,224600
2047,4,2.5,18.8,949,8.8,12,66,57,682700
4333,4,5.0,2.3,344,8.8,4,90,43,1396100
549,2,1.0,4.5,200,5.5,10,40,25,199500
2328,4,3.0,24.1,848,7.9,17,55,51,560400
4837,5,3.5,8.1,646,9.2,9,91,52,1240900
2156,4,2.5,18.9,740,9.1,18,75,29,583100
2081,3,2.0,15.9,839,8.9,16,71,49,663100
763,2,1.0,1.6,167,7.3,9,34,21,205500
2237,4,2.5,15.0,748,7.8,1,63,52,668000
686,2,1.5,7.2,168,5.6,9,53,15,260700
4076,4,3.5,5.7,318,8.0,0,86,63,1483000
2430,3,3.0,22.5,530,8.7,10,76,50,607500
4015,6,4.0,4.3,413,8.6,5,94,80,1403100
2306,3,2.0,18.5,940,8.5,8,82,45,688400
3796,5,3.5,5.3,421,9.7,8,90,59,1444700
2099,3,3.0,17.7,751,7.6,12,68,43,508300
567,2,1.0,2.3,269,6.1,6,48,26,207400
686,1,1.0,2.7,181,6.8,17,56,18,250900
688,2,1.0,4.2,45,5.7,16,39,16,291800
2160,3,2.5,20.4,1220,8.1,24,69,28,470100
2281,3,2.5,17.1,611,9.4,6,72,44,548100
2288,3,2.5,18.0,826,8.6,26,66,47,614400
625,2,1.0,2.2,191,4.2,12,48,24,243300
2386,4,3.0,22.9,800,7.7,25,72,29,577100
4284,4,4.0,9.4,477,9.8,1,95,55,1466400
543,2,1.5,4.5,137,6.8,14,39,25,239700
1966,3,2.0,19.5,864,7.8,13,70,36,681700
4644,4,5.0,8.6,209,7.8,8,94,80,1321800
1933,3,2.5,25.3,1111,7.8,15,69,31,518600
4707,4,3.5,9.6,439,9.3,7,96,73,1405700
2158,4,3.0,14.0,1112,7.6,13,72,39,453700
4753,4,5.0,8.9,788,9.4,8,91,45,1603600
2229,4,2.5,16.6,959,9.3,17,77,33,704100
2140,4,3.0,20.0,1099,8.4,8,69,64,543200
2166,3,2.5,18.3,761,8.5,20,67,49,609800
683,2,1.0,4.4,142,5.6,11,48,15,291700
479,1,1.5,4.0,153,6.5,8,50,20,208000
688,1,1.0,4.9,110,5.7,9,45,20,208200
2327,4,2.0,16.2,794,8.8,15,64,49,515400
624,1,1.0,3.6,117,5.8,4,40,28,239100
4588,5,3.5,9.9,125,9.2,7,87,43,1349600
686,1,1.0,4.4,216,5.0,12,49,21,182200
3855,4,4.0,7.6,436,9.2,5,88,82,1400300
2093,4,2.5,20.3,827,8.7,19,71,35,606100
1670,4,2.5,15.8,887,9.2,14,70,35,716300
4484,6,3.5,6.5,270,8.4,7,94,56,1576600
550,2,1.0,2.8,177,6.4,9,63,18,214100
4853,6,4.0,8.7,603,9.1,4,100,71,1243400
811,1,1.0,2.9,204,5.4,12,44,24,194100
1961,4,2.5,16.9,879,8.3,15,58,26,667100
819,2,1.0,1.8,235,5.3,8,36,21,285600
857,1,1.0,2.7,102,5.5,9,43,26,223200
2377,4,3.0,13.6,973,8.1,22,80,41,404200
2120,3,2.5,12.7,950,8.8,12,56,52,573800
4703,5,4.0,5.6,576,9.5,5,95,47,1417900
612,2,1.0,4.3,154,5.4,17,35,26,227000
